"","Pasture","Transect","Production_kg/ha","Production_lbs/ac"
"1","3","2",296.824759615385,267.14
"2","3","4",375.101249890792,337.59
"3","5M","19",289.718604651163,260.75
"4","5M","55",1756.1756635274,1580.56
"5","5N","16A",521.909233668342,469.72
"6","5N","56",491.06914258794,441.96
"7","5S","5",295.889535984848,266.3
"8","HQ","T1",1695.36669381108,1525.83
"9","HQ","T2",1803.91151262215,1623.52
